{"cameraMode":{"drawMode":0,"name":"Shaded","section":"Shading Mode"},"sceneLighting":true,"audioPlay":false,"sceneViewState":{"showFog":true,"showMaterialUpdate":false,"showSkybox":true,"showFlares":true,"showImageEffects":true,"showParticleSystems":true},"in2DMode":false,"pivot":{"x":6.515588760375977,"y":-23.26466941833496,"z":26.956771850585939},"rotation":{"x":0.4836418926715851,"y":0.015754273161292077,"z":-0.008705114014446736,"w":0.8750861287117004},"size":64.0254898071289,"orthographic":false}