{"cameraMode":{"drawMode":0,"name":"Shaded","section":"Shading Mode"},"sceneLighting":true,"audioPlay":false,"sceneViewState":{"showFog":true,"showMaterialUpdate":false,"showSkybox":true,"showFlares":true,"showImageEffects":true,"showParticleSystems":true},"in2DMode":false,"pivot":{"x":15.35689926147461,"y":-4.746219635009766,"z":14.523456573486329},"rotation":{"x":0.39633709192276,"y":-0.06464257091283798,"z":0.027988234534859659,"w":0.9154015183448792},"size":33.29997634887695,"orthographic":false}